memory,directory,type
0xFEBDBC02,Ford_Ac_LROS_input_populate.Autocode_Lros_InputSignals.FeatureInpSig_General.LROS_FUS_GrabIndex,int16
0xFEBDF8F0,Ford_Ac_LROS_input_populate.LROS_vis_road_data_msg.road_info.roadMarkerInfo.neighborLeftMarker.laneMarker.a0,float32
0xFEBDF8F4,Ford_Ac_LROS_input_populate.LROS_vis_road_data_msg.road_info.roadMarkerInfo.neighborLeftMarker.laneMarker.a1,float32
0xFEBDF8F8,Ford_Ac_LROS_input_populate.LROS_vis_road_data_msg.road_info.roadMarkerInfo.neighborLeftMarker.laneMarker.a2,float32
0xFEBDF8FC,Ford_Ac_LROS_input_populate.LROS_vis_road_data_msg.road_info.roadMarkerInfo.neighborLeftMarker.laneMarker.a3,float32
0xFEBDF900,Ford_Ac_LROS_input_populate.LROS_vis_road_data_msg.road_info.roadMarkerInfo.neighborLeftMarker.laneMarker.range,float32
0xFEBDF904,Ford_Ac_LROS_input_populate.LROS_vis_road_data_msg.road_info.roadMarkerInfo.neighborLeftMarker.laneMarker.status,1
0xFEBDF905,Ford_Ac_LROS_input_populate.LROS_vis_road_data_msg.road_info.roadMarkerInfo.neighborLeftMarker.laneMarker.asilCounterCheck,1
0xFEBDF906,Ford_Ac_LROS_input_populate.LROS_vis_road_data_msg.road_info.roadMarkerInfo.neighborLeftMarker.laneMarker.asilCrcCheck,
0xFEBDF908,Ford_Ac_LROS_input_populate.LROS_vis_road_data_msg.road_info.roadMarkerInfo.neighborLeftMarker.laneMarkerConf.confDIMON,1
0xFEBDF909,Ford_Ac_LROS_input_populate.LROS_vis_road_data_msg.road_info.roadMarkerInfo.neighborLeftMarker.laneMarkerConf.confLKA,confLKA
0xFEBDF90A,Ford_Ac_LROS_input_populate.LROS_vis_road_data_msg.road_info.roadMarkerInfo.neighborLeftMarker.laneMarkerConf.confTjaPrimary,1
0xFEBDF90B,Ford_Ac_LROS_input_populate.LROS_vis_road_data_msg.road_info.roadMarkerInfo.neighborLeftMarker.laneMarkerConf.confTjaLongTerm,1
0xFEBDF90C,Ford_Ac_LROS_input_populate.LROS_vis_road_data_msg.road_info.roadMarkerInfo.neighborLeftMarker.laneMarkerConf.tuneConfidence,
0xFEBDF910,Ford_Ac_LROS_input_populate.LROS_vis_road_data_msg.road_info.roadMarkerInfo.neighborLeftMarker.laneMarkerType,
0xFEBDF914,Ford_Ac_LROS_input_populate.LROS_vis_road_data_msg.road_info.roadMarkerInfo.neighborLeftMarker.laneMarkerColor,
0xFEBDF994,Ford_Ac_LROS_input_populate.LROS_vis_road_data_msg.road_info.roadMarkerInfo.neighborRightMarker.laneMarker.a0,float32
0xFEBDF998,Ford_Ac_LROS_input_populate.LROS_vis_road_data_msg.road_info.roadMarkerInfo.neighborRightMarker.laneMarker.a1,float32
0xFEBDF99C,Ford_Ac_LROS_input_populate.LROS_vis_road_data_msg.road_info.roadMarkerInfo.neighborRightMarker.laneMarker.a2,float32
0xFEBDF9A0,Ford_Ac_LROS_input_populate.LROS_vis_road_data_msg.road_info.roadMarkerInfo.neighborRightMarker.laneMarker.a3,float32
0xFEBDF9A4,Ford_Ac_LROS_input_populate.LROS_vis_road_data_msg.road_info.roadMarkerInfo.neighborRightMarker.laneMarker.range,float32
0xFEBDF9A8,Ford_Ac_LROS_input_populate.LROS_vis_road_data_msg.road_info.roadMarkerInfo.neighborRightMarker.laneMarker.status,1
0xFEBDF9A9,Ford_Ac_LROS_input_populate.LROS_vis_road_data_msg.road_info.roadMarkerInfo.neighborRightMarker.laneMarker.asilCounterCheck,1
0xFEBDF9AA,Ford_Ac_LROS_input_populate.LROS_vis_road_data_msg.road_info.roadMarkerInfo.neighborRightMarker.laneMarker.asilCrcCheck,
0xFEBDF9AC,Ford_Ac_LROS_input_populate.LROS_vis_road_data_msg.road_info.roadMarkerInfo.neighborRightMarker.laneMarkerConf.confDIMON,1
0xFEBDF9AD,Ford_Ac_LROS_input_populate.LROS_vis_road_data_msg.road_info.roadMarkerInfo.neighborRightMarker.laneMarkerConf.confLKA,confLKA
0xFEBDF9AE,Ford_Ac_LROS_input_populate.LROS_vis_road_data_msg.road_info.roadMarkerInfo.neighborRightMarker.laneMarkerConf.confTjaPrimary,1
0xFEBDF9AF,Ford_Ac_LROS_input_populate.LROS_vis_road_data_msg.road_info.roadMarkerInfo.neighborRightMarker.laneMarkerConf.confTjaLongTerm,1
0xFEBDF9B0,Ford_Ac_LROS_input_populate.LROS_vis_road_data_msg.road_info.roadMarkerInfo.neighborRightMarker.laneMarkerConf.tuneConfidence,
0xFEBDF9B4,Ford_Ac_LROS_input_populate.LROS_vis_road_data_msg.road_info.roadMarkerInfo.neighborRightMarker.laneMarkerType,
0xFEBDF9B8,Ford_Ac_LROS_input_populate.LROS_vis_road_data_msg.road_info.roadMarkerInfo.neighborRightMarker.laneMarkerColor,
0xFEBDF874,Ford_Ac_LROS_input_populate.LROS_vis_road_data_msg.road_info.roadMarkerInfo.hostLeftIndividualMarker.laneMarker.a0,float32
0xFEBDF878,Ford_Ac_LROS_input_populate.LROS_vis_road_data_msg.road_info.roadMarkerInfo.hostLeftIndividualMarker.laneMarker.a1,float32
0xFEBDF87C,Ford_Ac_LROS_input_populate.LROS_vis_road_data_msg.road_info.roadMarkerInfo.hostLeftIndividualMarker.laneMarker.a2,float32
0xFEBDF880,Ford_Ac_LROS_input_populate.LROS_vis_road_data_msg.road_info.roadMarkerInfo.hostLeftIndividualMarker.laneMarker.a3,float32
0xFEBDF884,Ford_Ac_LROS_input_populate.LROS_vis_road_data_msg.road_info.roadMarkerInfo.hostLeftIndividualMarker.laneMarker.range,float32
0xFEBDF888,Ford_Ac_LROS_input_populate.LROS_vis_road_data_msg.road_info.roadMarkerInfo.hostLeftIndividualMarker.laneMarker.status,1
0xFEBDF889,Ford_Ac_LROS_input_populate.LROS_vis_road_data_msg.road_info.roadMarkerInfo.hostLeftIndividualMarker.laneMarker.asilCounterCheck,1
0xFEBDF88A,Ford_Ac_LROS_input_populate.LROS_vis_road_data_msg.road_info.roadMarkerInfo.hostLeftIndividualMarker.laneMarker.asilCrcCheck,1
0xFEBDF88C,Ford_Ac_LROS_input_populate.LROS_vis_road_data_msg.road_info.roadMarkerInfo.hostLeftIndividualMarker.laneMarkerConf.confDIMON,1
0xFEBDF88D,Ford_Ac_LROS_input_populate.LROS_vis_road_data_msg.road_info.roadMarkerInfo.hostLeftIndividualMarker.laneMarkerConf.confLKA,confLKA
0xFEBDF88E,Ford_Ac_LROS_input_populate.LROS_vis_road_data_msg.road_info.roadMarkerInfo.hostLeftIndividualMarker.laneMarkerConf.confTjaPrimary,1
0xFEBDF88F,Ford_Ac_LROS_input_populate.LROS_vis_road_data_msg.road_info.roadMarkerInfo.hostLeftIndividualMarker.laneMarkerConf.confTjaLongTerm,
0xFEBDF890,Ford_Ac_LROS_input_populate.LROS_vis_road_data_msg.road_info.roadMarkerInfo.hostLeftIndividualMarker.laneMarkerConf.tuneConfidence,
0xFEBDF894,Ford_Ac_LROS_input_populate.LROS_vis_road_data_msg.road_info.roadMarkerInfo.hostLeftIndividualMarker.laneMarkerType,
0xFEBDF898,Ford_Ac_LROS_input_populate.LROS_vis_road_data_msg.road_info.roadMarkerInfo.hostLeftIndividualMarker.laneMarkerColor,
0xFEBDF918,Ford_Ac_LROS_input_populate.LROS_vis_road_data_msg.road_info.roadMarkerInfo.hostRightIndividualMarker.laneMarker.a0,float32
0xFEBDF91C,Ford_Ac_LROS_input_populate.LROS_vis_road_data_msg.road_info.roadMarkerInfo.hostRightIndividualMarker.laneMarker.a1,float32
0xFEBDF920,Ford_Ac_LROS_input_populate.LROS_vis_road_data_msg.road_info.roadMarkerInfo.hostRightIndividualMarker.laneMarker.a2,float32
0xFEBDF924,Ford_Ac_LROS_input_populate.LROS_vis_road_data_msg.road_info.roadMarkerInfo.hostRightIndividualMarker.laneMarker.a3,float32
0xFEBDF928,Ford_Ac_LROS_input_populate.LROS_vis_road_data_msg.road_info.roadMarkerInfo.hostRightIndividualMarker.laneMarker.range,float32
0xFEBDF92C,Ford_Ac_LROS_input_populate.LROS_vis_road_data_msg.road_info.roadMarkerInfo.hostRightIndividualMarker.laneMarker.status,1
0xFEBDF92D,Ford_Ac_LROS_input_populate.LROS_vis_road_data_msg.road_info.roadMarkerInfo.hostRightIndividualMarker.laneMarker.asilCounterCheck,1
0xFEBDF92E,Ford_Ac_LROS_input_populate.LROS_vis_road_data_msg.road_info.roadMarkerInfo.hostRightIndividualMarker.laneMarker.asilCrcCheck,
0xFEBDF930,Ford_Ac_LROS_input_populate.LROS_vis_road_data_msg.road_info.roadMarkerInfo.hostRightIndividualMarker.laneMarkerConf.confDIMON,1
0xFEBDF931,Ford_Ac_LROS_input_populate.LROS_vis_road_data_msg.road_info.roadMarkerInfo.hostRightIndividualMarker.laneMarkerConf.confLKA,confLKA
0xFEBDF932,Ford_Ac_LROS_input_populate.LROS_vis_road_data_msg.road_info.roadMarkerInfo.hostRightIndividualMarker.laneMarkerConf.confTjaPrimary,1
0xFEBDF933,Ford_Ac_LROS_input_populate.LROS_vis_road_data_msg.road_info.roadMarkerInfo.hostRightIndividualMarker.laneMarkerConf.confTjaLongTerm,1
0xFEBDF934,Ford_Ac_LROS_input_populate.LROS_vis_road_data_msg.road_info.roadMarkerInfo.hostRightIndividualMarker.laneMarkerConf.tuneConfidence,
0xFEBDF938,Ford_Ac_LROS_input_populate.LROS_vis_road_data_msg.road_info.roadMarkerInfo.hostRightIndividualMarker.laneMarkerType,
0xFEBDF93C,Ford_Ac_LROS_input_populate.LROS_vis_road_data_msg.road_info.roadMarkerInfo.hostRightIndividualMarker.laneMarkerColor,
0xFEBE5668,ipc_interaction_layer.ipc_vis_road_data_msg.road_info.roadMarkerInfo.neighborRightMarker.laneMarker.a0,float32
0xFEBE566C,ipc_interaction_layer.ipc_vis_road_data_msg.road_info.roadMarkerInfo.neighborRightMarker.laneMarker.a1,float32
0xFEBE5670,ipc_interaction_layer.ipc_vis_road_data_msg.road_info.roadMarkerInfo.neighborRightMarker.laneMarker.a2,float32
0xFEBE5674,ipc_interaction_layer.ipc_vis_road_data_msg.road_info.roadMarkerInfo.neighborRightMarker.laneMarker.a3,float32
0xFEBE5678,ipc_interaction_layer.ipc_vis_road_data_msg.road_info.roadMarkerInfo.neighborRightMarker.laneMarker.range,float32
0xFEBE567C,ipc_interaction_layer.ipc_vis_road_data_msg.road_info.roadMarkerInfo.neighborRightMarker.laneMarker.status,1
0xFEBE567D,ipc_interaction_layer.ipc_vis_road_data_msg.road_info.roadMarkerInfo.neighborRightMarker.laneMarker.asilCounterCheck,1
0xFEBE567E,ipc_interaction_layer.ipc_vis_road_data_msg.road_info.roadMarkerInfo.neighborRightMarker.laneMarker.asilCrcCheck,1
0xFEBE5680,ipc_interaction_layer.ipc_vis_road_data_msg.road_info.roadMarkerInfo.neighborRightMarker.laneMarkerConf.confDIMON,1
0xFEBE5681,ipc_interaction_layer.ipc_vis_road_data_msg.road_info.roadMarkerInfo.neighborRightMarker.laneMarkerConf.confLKA,confLKA
0xFEBE5682,ipc_interaction_layer.ipc_vis_road_data_msg.road_info.roadMarkerInfo.neighborRightMarker.laneMarkerConf.confTjaPrimary,1
0xFEBE5683,ipc_interaction_layer.ipc_vis_road_data_msg.road_info.roadMarkerInfo.neighborRightMarker.laneMarkerConf.confTjaLongTerm,
0xFEBE5684,ipc_interaction_layer.ipc_vis_road_data_msg.road_info.roadMarkerInfo.neighborRightMarker.laneMarkerConf.tuneConfidence,
0xFEBE5688,ipc_interaction_layer.ipc_vis_road_data_msg.road_info.roadMarkerInfo.neighborRightMarker.laneMarkerType,
0xFEBE568C,ipc_interaction_layer.ipc_vis_road_data_msg.road_info.roadMarkerInfo.neighborRightMarker.laneMarkerColor,
0xFEBE55C4,ipc_interaction_layer.ipc_vis_road_data_msg.road_info.roadMarkerInfo.neighborLeftMarker.laneMarker.a0,float32
0xFEBE55C8,ipc_interaction_layer.ipc_vis_road_data_msg.road_info.roadMarkerInfo.neighborLeftMarker.laneMarker.a1,float32
0xFEBE55CC,ipc_interaction_layer.ipc_vis_road_data_msg.road_info.roadMarkerInfo.neighborLeftMarker.laneMarker.a2,float32
0xFEBE55D0,ipc_interaction_layer.ipc_vis_road_data_msg.road_info.roadMarkerInfo.neighborLeftMarker.laneMarker.a3,float32
0xFEBE55D4,ipc_interaction_layer.ipc_vis_road_data_msg.road_info.roadMarkerInfo.neighborLeftMarker.laneMarker.range,float32
0xFEBE55D8,ipc_interaction_layer.ipc_vis_road_data_msg.road_info.roadMarkerInfo.neighborLeftMarker.laneMarker.status,1
0xFEBE55D9,ipc_interaction_layer.ipc_vis_road_data_msg.road_info.roadMarkerInfo.neighborLeftMarker.laneMarker.asilCounterCheck,1
0xFEBE55DA,ipc_interaction_layer.ipc_vis_road_data_msg.road_info.roadMarkerInfo.neighborLeftMarker.laneMarker.asilCrcCheck,1
0xFEBE55DC,ipc_interaction_layer.ipc_vis_road_data_msg.road_info.roadMarkerInfo.neighborLeftMarker.laneMarkerConf.confDIMON,1
0xFEBE55DD,ipc_interaction_layer.ipc_vis_road_data_msg.road_info.roadMarkerInfo.neighborLeftMarker.laneMarkerConf.confLKA,confLKA
0xFEBE55DE,ipc_interaction_layer.ipc_vis_road_data_msg.road_info.roadMarkerInfo.neighborLeftMarker.laneMarkerConf.confTjaPrimary,1
0xFEBE55DF,ipc_interaction_layer.ipc_vis_road_data_msg.road_info.roadMarkerInfo.neighborLeftMarker.laneMarkerConf.confTjaLongTerm,
0xFEBE55E0,ipc_interaction_layer.ipc_vis_road_data_msg.road_info.roadMarkerInfo.neighborLeftMarker.laneMarkerConf.tuneConfidence,
0xFEBE55E4,ipc_interaction_layer.ipc_vis_road_data_msg.road_info.roadMarkerInfo.neighborLeftMarker.laneMarkerType,
0xFEBE55E8,ipc_interaction_layer.ipc_vis_road_data_msg.road_info.roadMarkerInfo.neighborLeftMarker.laneMarkerColor,
0xFEBE55EC,ipc_interaction_layer.ipc_vis_road_data_msg.road_info.roadMarkerInfo.hostRightIndividualMarker.laneMarker.a0,float32
0xFEBE55F0,ipc_interaction_layer.ipc_vis_road_data_msg.road_info.roadMarkerInfo.hostRightIndividualMarker.laneMarker.a1,float32
0xFEBE55F4,ipc_interaction_layer.ipc_vis_road_data_msg.road_info.roadMarkerInfo.hostRightIndividualMarker.laneMarker.a2,float32
0xFEBE55F8,ipc_interaction_layer.ipc_vis_road_data_msg.road_info.roadMarkerInfo.hostRightIndividualMarker.laneMarker.a3,float32
0xFEBE55FC,ipc_interaction_layer.ipc_vis_road_data_msg.road_info.roadMarkerInfo.hostRightIndividualMarker.laneMarker.range,float32
0xFEBE5600,ipc_interaction_layer.ipc_vis_road_data_msg.road_info.roadMarkerInfo.hostRightIndividualMarker.laneMarker.status,1
0xFEBE5601,ipc_interaction_layer.ipc_vis_road_data_msg.road_info.roadMarkerInfo.hostRightIndividualMarker.laneMarker.asilCounterCheck,1
0xFEBE5602,ipc_interaction_layer.ipc_vis_road_data_msg.road_info.roadMarkerInfo.hostRightIndividualMarker.laneMarker.asilCrcCheck,1
0xFEBE5604,ipc_interaction_layer.ipc_vis_road_data_msg.road_info.roadMarkerInfo.hostRightIndividualMarker.laneMarkerConf.confDIMON,1
0xFEBE5605,ipc_interaction_layer.ipc_vis_road_data_msg.road_info.roadMarkerInfo.hostRightIndividualMarker.laneMarkerConf.confLKA,confLKA
0xFEBE5606,ipc_interaction_layer.ipc_vis_road_data_msg.road_info.roadMarkerInfo.hostRightIndividualMarker.laneMarkerConf.confTjaPrimary,1
0xFEBE5607,ipc_interaction_layer.ipc_vis_road_data_msg.road_info.roadMarkerInfo.hostRightIndividualMarker.laneMarkerConf.confTjaLongTerm,
0xFEBE5608,ipc_interaction_layer.ipc_vis_road_data_msg.road_info.roadMarkerInfo.hostRightIndividualMarker.laneMarkerConf.tuneConfidence,
0xFEBE560C,ipc_interaction_layer.ipc_vis_road_data_msg.road_info.roadMarkerInfo.hostRightIndividualMarker.laneMarkerType,
0xFEBE5610,ipc_interaction_layer.ipc_vis_road_data_msg.road_info.roadMarkerInfo.hostRightIndividualMarker.laneMarkerColor,
0xFEBE5548,ipc_interaction_layer.ipc_vis_road_data_msg.road_info.roadMarkerInfo.hostLeftIndividualMarker.laneMarker.a0,float32
0xFEBE554C,ipc_interaction_layer.ipc_vis_road_data_msg.road_info.roadMarkerInfo.hostLeftIndividualMarker.laneMarker.a1,float32
0xFEBE5550,ipc_interaction_layer.ipc_vis_road_data_msg.road_info.roadMarkerInfo.hostLeftIndividualMarker.laneMarker.a2,float32
0xFEBE5554,ipc_interaction_layer.ipc_vis_road_data_msg.road_info.roadMarkerInfo.hostLeftIndividualMarker.laneMarker.a3,float32
0xFEBE5558,ipc_interaction_layer.ipc_vis_road_data_msg.road_info.roadMarkerInfo.hostLeftIndividualMarker.laneMarker.range,float32
0xFEBE555C,ipc_interaction_layer.ipc_vis_road_data_msg.road_info.roadMarkerInfo.hostLeftIndividualMarker.laneMarker.status,1
0xFEBE555D,ipc_interaction_layer.ipc_vis_road_data_msg.road_info.roadMarkerInfo.hostLeftIndividualMarker.laneMarker.asilCounterCheck,1
0xFEBE555E,ipc_interaction_layer.ipc_vis_road_data_msg.road_info.roadMarkerInfo.hostLeftIndividualMarker.laneMarker.asilCrcCheck,1
0xFEBE5560,ipc_interaction_layer.ipc_vis_road_data_msg.road_info.roadMarkerInfo.hostLeftIndividualMarker.laneMarkerConf.confDIMON,1
0xFEBE5561,ipc_interaction_layer.ipc_vis_road_data_msg.road_info.roadMarkerInfo.hostLeftIndividualMarker.laneMarkerConf.confLKA,confLKA
0xFEBE5562,ipc_interaction_layer.ipc_vis_road_data_msg.road_info.roadMarkerInfo.hostLeftIndividualMarker.laneMarkerConf.confTjaPrimary,1
0xFEBE5563,ipc_interaction_layer.ipc_vis_road_data_msg.road_info.roadMarkerInfo.hostLeftIndividualMarker.laneMarkerConf.confTjaLongTerm,
0xFEBE5564,ipc_interaction_layer.ipc_vis_road_data_msg.road_info.roadMarkerInfo.hostLeftIndividualMarker.laneMarkerConf.tuneConfidence,
0xFEBE5568,ipc_interaction_layer.ipc_vis_road_data_msg.road_info.roadMarkerInfo.hostLeftIndividualMarker.laneMarkerType,
0xFEBE556C,ipc_interaction_layer.ipc_vis_road_data_msg.road_info.roadMarkerInfo.hostLeftIndividualMarker.laneMarkerColor,